posted_date,position,level,description,location,state,country,company,url
2025-04-23,high school history teacher,u,jobs/Fusion Secondary School_high school history teacher_job_posting.md,Calgary, AB,Canada,Fusion Secondary School,https://www.fusionsecondaryschool.com/jobs/9feab1c5b759
2025-04-23,high school art teacher,j,jobs/Fusion Secondary School_high school art teacher_job_posting.md,Calgary, AB,Canada,Fusion Secondary School,https://www.fusionsecondaryschool.com/jobs/708751b5f223
2025-04-23,high school foreign language teacher,j,jobs/Fusion Secondary School_high school foreign language teacher_job_posting.md,Calgary, AB,Canada,Fusion Secondary School,https://www.fusionsecondaryschool.com/jobs/facbb210332f
2025-04-23,high school music teacher,s,jobs/Fusion Secondary School_high school music teacher_job_posting.md,Calgary, AB,Canada,Fusion Secondary School,https://www.fusionsecondaryschool.com/jobs/750f9e57cc3f
2025-04-23,high school physical education teacher,u,jobs/Fusion Secondary School_high school physical education teacher_job_posting.md,Calgary, AB,Canada,Fusion Secondary School,https://www.fusionsecondaryschool.com/jobs/21c8a01e79b3
2025-04-23,office assistant,u,jobs/SwiftTech_office assistant_job_posting.md,Calgary, AB,Canada,SwiftTech,https://www.swifttech.com/jobs/156356f93ba3
2025-04-23,product manager,u,jobs/Genesis Game_product manager_job_posting.md,Chicago, IL,United States,Genesis Game,https://www.genesisgame.com/jobs/ee8ff17b3340
2025-04-23,office assistant,u,jobs/Genesis Game_office assistant_job_posting.md,Chicago, IL,United States,Genesis Game,https://www.genesisgame.com/jobs/674b4f10bf32
2025-04-23,software engineer,u,jobs/Genesis Game_software engineer_job_posting.md,Chicago, IL,United States,Genesis Game,https://www.genesisgame.com/jobs/2eea8f5c2f1f
2025-04-23,game developer,s,jobs/Genesis Game_game developer_job_posting.md,Chicago, IL,United States,Genesis Game,https://www.genesisgame.com/jobs/594c07b0d218
2025-04-23,chemical engineer,u,jobs/Zinc Engineering Solutions_chemical engineer_job_posting.md,New York City, NY,United States,Zinc Engineering Solutions,https://www.zincengineeringsolutions.com/jobs/d37ce2755345
2025-04-23,office assistant,j,jobs/Swift Engineering Solutions_office assistant_job_posting.md,Los Angeles, CA,United States,Swift Engineering Solutions,https://www.swiftengineeringsolutions.com/jobs/dcd0d71f6837
2025-04-23,environmental engineer,j,jobs/Swift Engineering Solutions_environmental engineer_job_posting.md,Los Angeles, CA,United States,Swift Engineering Solutions,https://www.swiftengineeringsolutions.com/jobs/d69c5c4ace73
2025-04-23,human resources manager,u,jobs/Swift Engineering Solutions_human resources manager_job_posting.md,Los Angeles, CA,United States,Swift Engineering Solutions,https://www.swiftengineeringsolutions.com/jobs/4083fe12f113
2025-04-23,office clerk,j,jobs/Swift Engineering Solutions_office clerk_job_posting.md,Los Angeles, CA,United States,Swift Engineering Solutions,https://www.swiftengineeringsolutions.com/jobs/beb868b94362
2025-04-23,human resources manager,s,jobs/Frontier Studio_human resources manager_job_posting.md,Kitchener-Waterloo, ON,Canada,Frontier Studio,https://www.frontierstudio.com/jobs/d9112a20a65d
2025-04-23,animator,s,jobs/Frontier Studio_animator_job_posting.md,Kitchener-Waterloo, ON,Canada,Frontier Studio,https://www.frontierstudio.com/jobs/aafae9c7ef34
2025-04-23,office clerk,u,jobs/Frontier Studio_office clerk_job_posting.md,Kitchener-Waterloo, ON,Canada,Frontier Studio,https://www.frontierstudio.com/jobs/aca8725b489c
2025-04-23,journalist,u,jobs/Frontier Studio_journalist_job_posting.md,Kitchener-Waterloo, ON,Canada,Frontier Studio,https://www.frontierstudio.com/jobs/cb3c5fae2707
2025-04-23,music producer,j,jobs/Frontier Studio_music producer_job_posting.md,Kitchener-Waterloo, ON,Canada,Frontier Studio,https://www.frontierstudio.com/jobs/69348033d9db
2025-04-23,office assistant,s,jobs/KeenGame_office assistant_job_posting.md,Los Angeles, CA,United States,KeenGame,https://www.keengame.com/jobs/2ef8d909ee9a
2025-04-23,game developer,s,jobs/KeenGame_game developer_job_posting.md,Los Angeles, CA,United States,KeenGame,https://www.keengame.com/jobs/26bc8f095721
2025-04-23,animator,ng,jobs/KeenGame_animator_job_posting.md,Los Angeles, CA,United States,KeenGame,https://www.keengame.com/jobs/4faae9184f1b
2025-04-23,human resources manager,j,jobs/KeenGame_human resources manager_job_posting.md,Los Angeles, CA,United States,KeenGame,https://www.keengame.com/jobs/36e5645e7172
2025-04-23,chemical engineer,u,jobs/Umbrella Engineering_chemical engineer_job_posting.md,San Francisco, CA,United States,Umbrella Engineering,https://www.umbrellaengineering.com/jobs/5c12d2fa1f68
2025-04-23,journalist,j,jobs/Rainbow Studios_journalist_job_posting.md,San Diego, CA,United States,Rainbow Studios,https://www.rainbowstudios.com/jobs/c065c696c93c
2025-04-23,video editor,u,jobs/Rainbow Studios_video editor_job_posting.md,San Diego, CA,United States,Rainbow Studios,https://www.rainbowstudios.com/jobs/4a963538b2c7
2025-04-23,graphic designer,ng,jobs/Rainbow Studios_graphic designer_job_posting.md,San Diego, CA,United States,Rainbow Studios,https://www.rainbowstudios.com/jobs/8f17a98db97f
2025-04-23,data analyst,j,jobs/Apex Insurance_data analyst_job_posting.md,Toronto, ON,Canada,Apex Insurance,https://www.apexinsurance.com/jobs/008e1fbc5cc5
2025-04-23,office clerk,ng,jobs/Apex Insurance_office clerk_job_posting.md,Toronto, ON,Canada,Apex Insurance,https://www.apexinsurance.com/jobs/628438eee8e4
2025-04-23,office assistant,u,jobs/Apex Insurance_office assistant_job_posting.md,Toronto, ON,Canada,Apex Insurance,https://www.apexinsurance.com/jobs/b574caaf6f34
2025-04-23,accountant,j,jobs/Apex Insurance_accountant_job_posting.md,Toronto, ON,Canada,Apex Insurance,https://www.apexinsurance.com/jobs/24f6c38eede7
2025-04-23,financial analyst,s,jobs/Apex Insurance_financial analyst_job_posting.md,Toronto, ON,Canada,Apex Insurance,https://www.apexinsurance.com/jobs/383ca41e8154
2025-04-23,electrical engineer,ng,jobs/Diamond Manufacturing_electrical engineer_job_posting.md,Washington, DC,United States,Diamond Manufacturing,https://www.diamondmanufacturing.com/jobs/bcc0b92ebfce
2025-04-23,high school physics teacher,u,jobs/Swift Public High School_high school physics teacher_job_posting.md,Dallas, TX,United States,Swift Public High School,https://www.swiftpublichighschool.com/jobs/b37aae7e97c6
2025-04-23,office assistant,j,jobs/Delta Medical Center_office assistant_job_posting.md,Tampa, FL,United States,Delta Medical Center,https://www.deltamedicalcenter.com/jobs/6441e563aad6
2025-04-23,marketing manager,u,jobs/Delta Medical Center_marketing manager_job_posting.md,Tampa, FL,United States,Delta Medical Center,https://www.deltamedicalcenter.com/jobs/4a885609a874
2025-04-23,high school history teacher,u,jobs/Vision Public High School_high school history teacher_job_posting.md,Houston, TX,United States,Vision Public High School,https://www.visionpublichighschool.com/jobs/447f4b353898
2025-04-23,high school geography teacher,j,jobs/Vertex High School_high school geography teacher_job_posting.md,Oakland, CA,United States,Vertex High School,https://www.vertexhighschool.com/jobs/09d3e2c70ae2
2025-04-23,high school physics teacher,u,jobs/Vertex High School_high school physics teacher_job_posting.md,Oakland, CA,United States,Vertex High School,https://www.vertexhighschool.com/jobs/33e3b7df22fd
2025-04-23,high school art teacher,u,jobs/Vertex High School_high school art teacher_job_posting.md,Oakland, CA,United States,Vertex High School,https://www.vertexhighschool.com/jobs/e675de809039
2025-04-23,high school history teacher,u,jobs/Vertex High School_high school history teacher_job_posting.md,Oakland, CA,United States,Vertex High School,https://www.vertexhighschool.com/jobs/701e488a57ec
2025-04-23,high school english teacher,s,jobs/Vertex High School_high school english teacher_job_posting.md,Oakland, CA,United States,Vertex High School,https://www.vertexhighschool.com/jobs/506ddd1298b4
2025-04-23,marketing manager,u,jobs/Zulu Consulting_marketing manager_job_posting.md,Vancouver, BC,Canada,Zulu Consulting,https://www.zuluconsulting.com/jobs/7468c8b5b47b
2025-04-23,business analyst,u,jobs/Zulu Consulting_business analyst_job_posting.md,Vancouver, BC,Canada,Zulu Consulting,https://www.zuluconsulting.com/jobs/a7879da6d5d7
2025-04-23,product manager,ng,jobs/Beacon Tech_product manager_job_posting.md,Seattle, WA,United States,Beacon Tech,https://www.beacontech.com/jobs/82b36015ab3f
2025-04-23,human resources manager,s,jobs/Beacon Tech_human resources manager_job_posting.md,Seattle, WA,United States,Beacon Tech,https://www.beacontech.com/jobs/9b88bc9ad2d0
2025-04-23,product manager,j,jobs/Cipher.ai_product manager_job_posting.md,Tampa, FL,United States,Cipher.ai,https://www.cipher.ai.com/jobs/fa57c456da5a
2025-04-23,web developer,u,jobs/Cipher.ai_web developer_job_posting.md,Tampa, FL,United States,Cipher.ai,https://www.cipher.ai.com/jobs/1009f10b5532
2025-04-23,game developer,j,jobs/RainbowGame_game developer_job_posting.md,Dallas, TX,United States,RainbowGame,https://www.rainbowgame.com/jobs/ef68377e4ebc
2025-04-23,marketing manager,ng,jobs/Falcon Tech_marketing manager_job_posting.md,Seattle, WA,United States,Falcon Tech,https://www.falcontech.com/jobs/8e41723d8ef7
2025-04-23,office assistant,s,jobs/Falcon Tech_office assistant_job_posting.md,Seattle, WA,United States,Falcon Tech,https://www.falcontech.com/jobs/ab56a749c2f5
2025-04-23,human resources manager,j,jobs/Falcon Tech_human resources manager_job_posting.md,Seattle, WA,United States,Falcon Tech,https://www.falcontech.com/jobs/6bd1d494d4af
2025-04-23,office clerk,s,jobs/Forge Medical Center_office clerk_job_posting.md,Edmonton, AB,Canada,Forge Medical Center,https://www.forgemedicalcenter.com/jobs/6fb7f160bcda
2025-04-23,high school history teacher,u,jobs/Serene Secondary School_high school history teacher_job_posting.md,Los Angeles, CA,United States,Serene Secondary School,https://www.serenesecondaryschool.com/jobs/e6e9311047fd
2025-04-23,high school physics teacher,u,jobs/Serene Secondary School_high school physics teacher_job_posting.md,Los Angeles, CA,United States,Serene Secondary School,https://www.serenesecondaryschool.com/jobs/2c635a780dcf
2025-04-23,high school math teacher,s,jobs/Serene Secondary School_high school math teacher_job_posting.md,Los Angeles, CA,United States,Serene Secondary School,https://www.serenesecondaryschool.com/jobs/3f3dd509861e
2025-04-23,high school chemistry teacher,j,jobs/Serene Secondary School_high school chemistry teacher_job_posting.md,Los Angeles, CA,United States,Serene Secondary School,https://www.serenesecondaryschool.com/jobs/ab2bbf916939
2025-04-23,high school art teacher,j,jobs/Serene Secondary School_high school art teacher_job_posting.md,Los Angeles, CA,United States,Serene Secondary School,https://www.serenesecondaryschool.com/jobs/3b4d167b187f
2025-04-23,human resources manager,s,jobs/Titan Medical Center_human resources manager_job_posting.md,New York City, NY,United States,Titan Medical Center,https://www.titanmedicalcenter.com/jobs/dbcea7476ea0
2025-04-23,registered nurse,s,jobs/Titan Medical Center_registered nurse_job_posting.md,New York City, NY,United States,Titan Medical Center,https://www.titanmedicalcenter.com/jobs/44033001fb95
2025-04-23,game developer,u,jobs/Zodiac Studios_game developer_job_posting.md,Calgary, AB,Canada,Zodiac Studios,https://www.zodiacstudios.com/jobs/9b1326410fe5
2025-04-23,human resources manager,u,jobs/Laser Tech_human resources manager_job_posting.md,Montreal, QC,Canada,Laser Tech,https://www.lasertech.com/jobs/ee83ed8b80fc
2025-04-23,product manager,u,jobs/Laser Tech_product manager_job_posting.md,Montreal, QC,Canada,Laser Tech,https://www.lasertech.com/jobs/ab2a53c9ddbd
2025-04-23,civil engineer,j,jobs/Laser Tech_civil engineer_job_posting.md,Montreal, QC,Canada,Laser Tech,https://www.lasertech.com/jobs/d46185ae1977
2025-04-23,office assistant,u,jobs/Laser Tech_office assistant_job_posting.md,Montreal, QC,Canada,Laser Tech,https://www.lasertech.com/jobs/2e6434955547
2025-04-23,video editor,j,jobs/Quantum Studio_video editor_job_posting.md,New York City, NY,United States,Quantum Studio,https://www.quantumstudio.com/jobs/8f2df54de0d8
2025-04-23,marketing manager,s,jobs/Quantum Studio_marketing manager_job_posting.md,New York City, NY,United States,Quantum Studio,https://www.quantumstudio.com/jobs/f160e4357dda
2025-04-23,product manager,s,jobs/Delta Engineering Solutions_product manager_job_posting.md,Denver, CO,United States,Delta Engineering Solutions,https://www.deltaengineeringsolutions.com/jobs/df0fde121ec9
2025-04-23,electrical engineer,ng,jobs/Delta Engineering Solutions_electrical engineer_job_posting.md,Denver, CO,United States,Delta Engineering Solutions,https://www.deltaengineeringsolutions.com/jobs/d53d06cbfb73
2025-04-23,sales manager,u,jobs/Riverside Advisory_sales manager_job_posting.md,Vancouver, BC,Canada,Riverside Advisory,https://www.riversideadvisory.com/jobs/b800876c7077
2025-04-23,game developer,s,jobs/Gravity Games_game developer_job_posting.md,San Francisco, CA,United States,Gravity Games,https://www.gravitygames.com/jobs/f56034d579f3
2025-04-23,video editor,s,jobs/Summit Videos_video editor_job_posting.md,Montreal, QC,Canada,Summit Videos,https://www.summitvideos.com/jobs/979fc2ced1f2
